iter_num,train_acc,train_loss,val_acc,val_loss,test_acc,test_loss
1,1.0,0.007313121110200882,0.39723926380368096,1.9442230463027954,0.4127572542502876,1.937465786933899
2,0.8048780487804879,0.021819064393639565,0.4020961145194274,1.970814824104309,0.40636584430525374,1.9610497951507568
3,1.0,0.023996450006961823,0.5219836400817995,1.729345440864563,0.5162980953598364,1.755350947380066
4,0.963855421686747,0.02424660697579384,0.5138036809815951,1.6140872240066528,0.5109293110060079,1.637596845626831
5,0.9423076923076923,0.019004765897989273,0.49514314928425357,1.6639240980148315,0.48753675060718393,1.6938419342041016
