iter_num,train_acc,train_loss,val_acc,val_loss,test_acc,test_loss
1,1.0,0.045710451900959015,0.47392638036809814,1.7102152109146118,0.4719417103413013,1.710085153579712
2,1.0,0.04252847284078598,0.6124744376278118,1.3330347537994385,0.601687332225489,1.3660653829574585
