iter_num,train_acc,train_loss,val_acc,val_loss,test_acc,test_loss
1,1.0,0.03790534660220146,0.5010893246187363,1.0262508392333984,0.4852941176470588,1.0274100303649902
2,1.0,0.04330626502633095,0.5403050108932462,0.9365261197090149,0.5294117647058824,0.9454877972602844
3,0.9983388704318937,0.045706942677497864,0.6198257080610022,0.8693624138832092,0.5985838779956427,0.8918519020080566
4,0.9962640099626401,0.06429468840360641,0.5718954248366013,0.8746431469917297,0.5762527233115469,0.8949142098426819
