iter_num,train_acc,train_loss,val_acc,val_loss,test_acc,test_loss
1,1.0,0.058240629732608795,0.48057259713701433,1.699715495109558,0.47206953854020195,1.707624077796936
2,1.0,0.03942279517650604,0.5912576687116564,1.3481560945510864,0.5846861817716988,1.3810005187988281
3,0.9752066115702479,0.04570486396551132,0.653118609406953,1.244668960571289,0.6445097788572159,1.2715790271759033
4,0.9845201238390093,0.03847600892186165,0.6684560327198364,1.1851119995117188,0.6576760833439856,1.2120167016983032
5,0.9876237623762376,0.044792674481868744,0.6748466257668712,1.1517391204833984,0.6622778985044101,1.1838090419769287
