iter_num,train_acc,train_loss,val_acc,val_loss,test_acc,test_loss
1,1.0,0.005102618597447872,0.49130879345603273,1.7160440683364868,0.4912437683753036,1.7493003606796265
2,1.0,0.009628420695662498,0.5437116564417178,1.483235478401184,0.5404576249520644,1.4915820360183716
3,0.9958677685950413,0.018758058547973633,0.5720858895705522,1.3674525022506714,0.5696024543014189,1.4110709428787231
4,0.9938080495356038,0.0272373016923666,0.5794989775051125,1.3541040420532227,0.579828710213473,1.3470526933670044
5,0.9975247524752475,0.024777859449386597,0.6605316973415133,1.1630514860153198,0.6622778985044101,1.1607800722122192
