iter_num,train_acc,train_loss,val_acc,val_loss,test_acc,test_loss
1,1.0,0.008909041061997414,0.5174291938997821,0.9801320433616638,0.4923747276688453,1.0006077289581299
2,0.9975062344139651,0.010040400549769402,0.6078431372549019,0.8952159285545349,0.5675381263616558,0.9120439887046814
3,0.9933554817275747,0.011335154995322227,0.5729847494553377,0.9078460931777954,0.5620915032679739,0.9395421743392944
4,0.9937733499377335,0.015831749886274338,0.593681917211329,0.8731107711791992,0.5866013071895425,0.8845705389976501
