iter_num,train_acc,train_loss,val_acc,val_loss,test_acc,test_loss
1,0.9975,0.0751112774014473,0.6546523517382413,1.1613868474960327,0.6483446248242363,1.1743834018707275
2,0.9912609238451935,0.07469266653060913,0.7078220858895705,1.030277132987976,0.7059951425284418,1.041530966758728
3,0.9692179700499168,0.09983202069997787,0.7341513292433538,0.9433599710464478,0.7174996804295027,0.9708632826805115
4,0.9900187149095446,0.0998493954539299,0.7597137014314929,0.8549137115478516,0.7437044612041417,0.8833452463150024
5,0.9930139720558883,0.11932845413684845,0.7599693251533742,0.8307748436927795,0.7573820784865142,0.852196216583252
6,0.98004158004158,0.12141778320074081,0.766359918200409,0.8133142590522766,0.7592995014700243,0.8346092104911804
7,0.9761225944404847,0.15107862651348114,0.7684049079754601,0.8020698428153992,0.767736162597469,0.8107247352600098
8,0.9738072965388214,0.16092684864997864,0.7730061349693251,0.7604932188987732,0.7714431803655887,0.7823605537414551
9,0.9805986696230599,0.1659109890460968,0.7898773006134969,0.7541493773460388,0.7849929694490605,0.7634055614471436
