iter_num,train_acc,train_loss,val_acc,val_loss,test_acc,test_loss
1,1.0,0.04141541197896004,0.5664488017429193,0.9562849998474121,0.5637254901960784,0.9657810926437378
2,1.0,0.037744078785181046,0.5490196078431373,0.984420120716095,0.5239651416122004,0.9866607785224915
3,1.0,0.05153479427099228,0.5392156862745098,0.9381147623062134,0.5473856209150327,0.9490688443183899
4,0.9984447900466563,0.0631573423743248,0.5533769063180828,0.9380205869674683,0.5599128540305011,0.9341229796409607
5,0.9937810945273632,0.05413190647959709,0.5326797385620915,0.9312734603881836,0.5354030501089324,0.9423078894615173
