iter_num,train_acc,train_loss,val_acc,val_loss,test_acc,test_loss
1,1.0,0.03648769482970238,0.4486196319018405,1.7950103282928467,0.4571136392688227,1.802359700202942
2,0.9753086419753086,0.026170477271080017,0.5498466257668712,1.6965866088867188,0.5436533299245814,1.7261207103729248
3,1.0,0.023359661921858788,0.5761758691206544,1.4342037439346313,0.5665345775278027,1.4740747213363647
4,0.9938650306748467,0.028069917112588882,0.6025051124744376,1.3926533460617065,0.5950402658826537,1.4243278503417969
