iter_num,train_acc,train_loss,val_acc,val_loss,test_acc,test_loss
1,1.0,0.005520831793546677,0.5143149284253579,1.5777392387390137,0.5152754697686309,1.6059472560882568
2,0.9937888198757764,0.025658270344138145,0.5084355828220859,1.5433323383331299,0.5137415313818229,1.5496361255645752
