iter_num,train_acc,train_loss,val_acc,val_loss,test_acc,test_loss
1,1.0,0.019889166578650475,0.6252556237218814,1.2905845642089844,0.6227789850441007,1.2842086553573608
2,0.9987515605493134,0.029789067804813385,0.7027096114519428,1.057800054550171,0.6925731816438706,1.0797432661056519
3,0.9950083194675541,0.04888017103075981,0.7091002044989775,0.9628041386604309,0.7071455963185479,1.0071604251861572
4,0.9931378665003119,0.058547768741846085,0.7338957055214724,0.9439264535903931,0.7260641697558481,0.9733432531356812
5,0.9940119760479041,0.054894961416721344,0.7525562372188139,0.8687079548835754,0.7485619327623674,0.893898606300354
6,0.9966735966735967,0.06085512787103653,0.7566462167689162,0.849483847618103,0.7626230346414419,0.8528181314468384
7,0.9871703492516037,0.07079946249723434,0.7620143149284253,0.802158534526825,0.764540457624952,0.8133140802383423
8,0.9937636420330527,0.07265030592679977,0.7822085889570553,0.7660775780677795,0.787549533427074,0.775274395942688
9,0.99029933481153,0.10367579013109207,0.773517382413088,0.7886434197425842,0.7732327751501982,0.789360761642456
