iter_num,train_acc,train_loss,val_acc,val_loss,test_acc,test_loss
1,1.0,0.004352480638772249,0.4749455337690632,1.0064599514007568,0.5070806100217865,1.012298822402954
2,1.0,0.00563967227935791,0.4542483660130719,1.0328130722045898,0.4624183006535948,1.024945855140686
3,1.0,0.006512310355901718,0.4324618736383442,1.0373743772506714,0.43736383442265797,1.0243350267410278
4,1.0,0.007505384739488363,0.528322440087146,0.9415655732154846,0.528322440087146,0.9400976300239563
5,1.0,0.008689207956194878,0.5490196078431373,0.9250932335853577,0.5669934640522876,0.921967089176178
6,1.0,0.00981062464416027,0.6089324618736384,0.8755446672439575,0.6122004357298475,0.8947910666465759
7,0.9929178470254958,0.014675267040729523,0.5762527233115469,0.933199942111969,0.5806100217864923,0.9172767400741577
8,0.9925650557620818,0.012765991501510143,0.55119825708061,0.9183781743049622,0.5659041394335512,0.9207980036735535
